"課程名稱","A分數","A判定理由","B分數","B判定理由","C分數","C判定理由","D分數","D判定理由","整體判定","主要依據","證據不足處"
"人工智慧基礎程式設計","0","課程大綱僅寫「奠定學生Python程式設計基礎」，未提及 AI 工具、AI 學習、提示詞、AI 輔助學習或自主學習歷程，因此不能判定有運用 AI 學習的能力。","0","課程名稱雖含「人工智慧」，但大綱未出現 AI 倫理、法規、個資、偏誤、風險、責任或治理等內容，因此不能判定有負責任使用 AI 的能力。","0","大綱僅述及 Python 程式設計基礎，未明確提及 AI 模型、AI 應用、以 AI 解決問題、實作任務或驗證修正流程，因此不能判定有運用 AI 解決問題的能力。","0","課程內容未出現 AI 協作情境，也未提及人類判斷、同理心、溝通、真實場域或創意整合於 AI 使用中，因此不能判定有 AI 無法取代的能力。","A=0;B=0;C=0;D=0","課程大綱未明確呈現任何 AI 教學、AI 應用或人機協作內容，僅有 Python 基礎程式設計。","課名含 AI，但大綱未證實課程實際涉及 AI，因此各項能力均不得推定。"
"人工智慧基礎程式設計","0","課程大綱僅寫「奠定學生Python程式設計基礎」，未提及 AI 工具、AI 學習、提示詞、AI 輔助學習或自主學習歷程，因此不能判定有運用 AI 學習的能力。","0","課程名稱雖含「人工智慧」，但大綱未出現 AI 倫理、法規、個資、偏誤、風險、責任或治理等內容，因此不能判定有負責任使用 AI 的能力。","0","大綱僅述及 Python 程式設計基礎，未明確提及 AI 模型、AI 應用、以 AI 解決問題、實作任務或驗證修正流程，因此不能判定有運用 AI 解決問題的能力。","0","課程內容未出現 AI 協作情境，也未提及人類判斷、同理心、溝通、真實場域或創意整合於 AI 使用中，因此不能判定有 AI 無法取代的能力。","A=0;B=0;C=0;D=0","課程大綱未明確呈現任何 AI 教學、AI 應用或人機協作內容，僅有 Python 基礎程式設計。","課名含 AI，但大綱未證實課程實際涉及 AI，因此各項能力均不得推定。"
"人工智慧基礎程式設計","2","課程明確提到「了解人工智慧的原理並能應用於日常生活」、「建立正確的人工智慧知識並妥善應用於日常生活中」，顯示學生會接觸 AI 基本概念與應用；但未明寫使用 AI 工具輔助學習、提示策略或自主學習規劃，因此僅屬初步相關。","1","雖提到「建立正確的人工智慧知識並妥善應用」，但未具體涉及 AI 倫理、著作權、個資、偏誤、風險管理、揭露或責任歸屬，因此只能算零星相關，不能高估。","2","大綱明確有「了解人工智慧的原理」與「應用於日常生活相關之實務」、「討論、實作」，表示學生會接觸 AI 應用與實作；但未說明要以 AI 完成具體問題解決、模型建立、驗證修正或品質評估。","1","課程強調日常生活中的 AI 應用與「討論、實作」，可見會有一定的人機或情境脈絡，但未明寫批判 AI、保有人類主體性、同理心、溝通協作或真實場域洞察，因此 D 只能給低分。","A=2;B=1;C=2;D=1","課程明確有 AI 原理、日常應用與實作，但缺少 AI 輔助學習、倫理法規、問題解決流程與人機協作的具體描述。","未提及 AI 工具如何用於學習、也未提及查證、風險、責任、人機分工或成果評量，因此無法給更高分。"
"人工智慧基礎程式設計","2","課程明確提到「了解人工智慧的原理並能應用於日常生活」、「建立正確的人工智慧知識並妥善應用於日常生活中」，顯示學生會接觸 AI 基本概念與應用；但未明寫使用 AI 工具輔助學習、提示策略或自主學習規劃，因此僅屬初步相關。","1","雖提到「建立正確的人工智慧知識並妥善應用」，但未具體涉及 AI 倫理、著作權、個資、偏誤、風險管理、揭露或責任歸屬，因此只能算零星相關，不能高估。","2","大綱明確有「了解人工智慧的原理」與「應用於日常生活相關之實務」、「討論、實作」，表示學生會接觸 AI 應用與實作；但未說明要以 AI 完成具體問題解決、模型建立、驗證修正或品質評估。","1","課程強調日常生活中的 AI 應用與「討論、實作」，可見會有一定的人機或情境脈絡，但未明寫批判 AI、保有人類主體性、同理心、溝通協作或真實場域洞察，因此 D 只能給低分。","A=2;B=1;C=2;D=1","課程明確有 AI 原理、日常應用與實作，但缺少 AI 輔助學習、倫理法規、問題解決流程與人機協作的具體描述。","未提及 AI 工具如何用於學習、也未提及查證、風險、責任、人機分工或成果評量，因此無法給更高分。"
"教育科技專題研究","4","課程明確寫出「能熟悉AI Tools應用於管理、教學與研究」，並安排「學生課前教材的預習」、「講述、實作與討論」、「學生課後作業」及研究報告，顯示學生會運用 AI 工具作為學習與研究輔助；同時也有自我探索與課後延伸，符合運用 AI 學習的多項面向。","1","大綱主要是 AI Tools 的應用與教育科技理論，未明確提及 AI 倫理、著作權、個資、隱私、偏誤、風險、揭露或責任歸屬，因此負責任使用 AI 的證據不足。","4","課程明確要求「AI Tools 應用於管理、教學與研究」的探究與實作，並以「完成一份相關主題的研究報告」作為成果，屬於將 AI 納入具體專題與研究任務；但未明寫驗證 AI 產出、比較方案、品質控管或人機分工，因此未達最高分。","3","課程有教育科技理論、AI 工具應用、討論實作與研究報告，且學生需進行自我探索，顯示 AI 協作下的學習與研究脈絡；但大綱未直接強調批判 AI、同理心、跨情境溝通或以人類判斷作最終決策，因此 D 為中等。","A=4;B=1;C=4;D=3","主要依據是課程明確教授 AI Tools 應用於管理、教學與研究，並搭配實作、討論與研究報告。","缺少 AI 倫理/法規/風險內容；也未明寫驗證、修正、人機分工、成果評量細節與 AI 協作下的人類主體性要求。"
"數位學習專題研究","1","大綱僅寫「瞭解行動學習與人工智慧的理論基礎與實施方式」，屬於認識 AI 理論與實施方式，未見學生實際使用 AI 作為學習工具、進行學習規劃、反思或自主學習活動，因此僅能給零星相關分數。","0","課程文字僅提到 AI 理論與實施方式，未出現倫理、法規、個資、偏誤、風險、查證、揭露或責任等要求，因此不能判定有負責任使用 AI 的能力。","1","雖有「人工智慧的理論基礎與實施方式」，表示與 AI 應用相關，但未說明學生需用 AI 解決問題、完成專題、分析資料或驗證成果，因此僅屬低度相關。","0","大綱未提及批判 AI、同理心、溝通協作、真實場域洞察或人類主體性等內容，因此不能判定有 AI 無法取代的能力。","A=1;B=0;C=1;D=0","課程只明確提到 AI 的理論基礎與實施方式，未見實作、學習工具運用或責任治理內容。","缺少 AI 工具使用於學習、倫理法規、問題解決任務、人機協作與評量等可觀察證據。"
"網路學習科技","2","課程大綱僅寫出「了解進階的人工智慧」，可視為有接觸 AI 相關概念，但未明確出現學生使用 AI 輔助學習、資訊整理、反思或自主學習的活動，因此僅能給初步相關分數。","0","大綱未提及 AI 倫理、法規、著作權、個資、偏誤、資安、風險、治理或責任等內容，因此不能推定。","1","課程僅有「了解進階的人工智慧」這類概念性描述，未明確說明要用 AI 分析、生成、解決問題或完成專題，因此只能列為零星相關。","0","大綱未出現 AI 協作中的判斷、同理心、溝通、真實情境或人類主體性等證據，因此不能推定。","A=2;B=0;C=1;D=0","主要依據是大綱僅明確提到 AI，且只屬於概念了解，缺乏具體實作與倫理/協作要求。","A 雖有 AI 字樣，但未寫明使用 AI 作為學習工具；B、D 完全欠缺相關文字；C 也未見明確問題解決任務或作品。"
"機器學習","1","課程明確教授人工智慧與機器學習核心概念、分類與分群演算法、資料前處理與模型驗證，屬於學習 AI 技術本身；但未見學生把 AI 作為學習工具來搜尋、整理、反思或自主學習，因此 A 只能給零星相關分數。","0","大綱未提及 AI 倫理、著作權、個資、偏誤、幻覺、查證、風險管理或責任歸屬，因此不能推定有負責任使用 AI 的培養。","4","課程明確包含模式識別、監督式與非監督式學習、分類與分群演算法、資料前處理、特徵工程、模型驗證、影像處理與實際資料分析問題，並要求理解與應用，屬於運用 AI 解決問題的重要組成；但未明寫完整專題流程、人機分工或持續監控，因此未達 5 分。","0","大綱主要聚焦演算法與模型評估，未出現 AI 協作中的主體性、同理心、溝通、文化情境或人類決策責任等內容，因此不能計入 D。","A=1;B=0;C=4;D=0","主要依據是課程以機器學習理論、資料前處理、模型驗證與實務應用為核心，明確支撐 C。","A 未見學生實際把 AI 當作學習工具；B、D 皆無 AI 倫理或人機協作的明確文字；C 也未明寫完整專題、驗證流程或人機分工。"
"智慧型系統專題研究","1","大綱主要描述人工智慧技術、機器學習與深度學習的緒論、實例、實務發展與應用，屬於學習 AI 技術內容；但未明確寫出學生會使用 AI 工具來輔助自己的學習、整理、反思或自主規劃，因此 A 只能給低分。","0","大綱未提及 AI 倫理、法規、著作權、個資、偏誤、風險、治理或責任，因此不能推定有負責任使用 AI 的教育。","4","課程明確談人工智慧在各大產業、服務、新商品與革新中的應用，並安排機器學習、深度學習的實例、實務發展與期中、期末報告，顯示學生需接觸 AI 應用與專題實作；但未明確寫出驗證、修正、人機分工或品質控制機制，因此未達 5 分。","0","大綱雖有專題報告與實務應用，但未明確呈現 AI 協作下的判斷、同理心、溝通、創意主體性或真實場域觀察，因此 D 不得加分。","A=1;B=0;C=4;D=0","主要依據是課程明確涵蓋 AI 應用、機器學習、深度學習實例與期末報告，對 C 的支撐最強。","A 缺少 AI 作為學習工具的明寫；B 完全未見倫理/法規/風險；D 未見人類主體性、協作或真實情境的具體說明。"
"人工智慧","1","課程僅寫「建立人工智慧的基本素養與未來視野」「培養學生對人工智慧(AI)的基本認識」，屬於 AI 概念入門，未明確顯示學生會用 AI 工具輔助學習或進行自主學習，因此 A 只能給初步相關分數。","0","大綱未提及 AI 倫理、法規、著作權、個資、偏誤、資安、風險或責任等面向，因此不能推定 B。","1","課程內容僅為 AI 基本認識與素養，未明確寫出使用 AI 分析、生成、建模、解題或專題任務，因此只能給零星相關。","0","大綱未出現 AI 協作中的判斷、同理心、溝通、真實世界洞察或人類主體性等證據，因此不能計入 D。","A=1;B=0;C=1;D=0","主要依據是課程僅有 AI 基本素養與認識，屬概念性導論，缺乏實作與應用。","A 未明確寫 AI 輔助學習；B、D 皆無相關文字；C 也未見問題解決或專題實作。"
"人工智慧導論","0","課程大綱僅寫「Understand the basic principles of digital image processingClasses」，內容是數位影像處理基礎原理，未出現 AI、人工智慧、機器學習或人機協作等元素，因此依 0 分原則，A 不得給分。","0","大綱未提及 AI 倫理、法規、個資、偏誤、風險或責任，且內容本身也未出現 AI 元素，因此不能推定。","0","雖然課名含「人工智慧導論」，但大綱明確內容是 digital image processing basic principles，未出現 AI 實作、模型、應用或問題解決任務，因此整體不足以支持 C。","0","大綱未出現 AI 或人機協作脈絡下的人類判斷、同理心、溝通或創意活動，因此 D 不得加分。","A=0;B=0;C=0;D=0","主要依據是課綱明寫內容只有數位影像處理基礎，與 AI 無明確連結。","課名含 AI，但課綱未提供任何 AI 相關教學證據，不能僅憑課名高估。"
"數位化科學教材教法","1","大綱第 6 點僅寫「瞭解AI在自然科教學的應用與實踐」，顯示有 AI 相關概念，但未明確要求學生使用 AI 作為學習工具、進行反思或自主學習，因此 A 只能給零星相關分數。","0","大綱未提及 AI 倫理、著作權、個資、偏誤、資安、風險管理或責任，因此不能推定 B。","2","課程內容主要是數位化儀器、虛擬科學實驗、行動裝置設計課程與數位化評量，另有一點提到 AI 在自然科教學的應用與實踐；但未明確說明學生要用 AI 完成問題解決、分析或專題，因此僅能給初步相關分數。","0","大綱雖涉及教學設計與實作，但未出現 AI 協作情境中的判斷、同理心、溝通、真實場域洞察或人類主體性，因此 D 不得加分。","A=1;B=0;C=2;D=0","主要依據是大綱僅有一點 AI 教學應用描述，且重點仍在數位化教材與教學設計。","A 未見 AI 輔助學習；B 無倫理/法規/風險；C 未明確使用 AI 解題或完成任務；D 未見 AI 協作中的人類判斷與情境脈絡。"
"高等科學教育專題討論(二)","2","課綱明確寫出“Understanding AI in Education”並提到對人工智慧及其在國小教育中的應用建立完整理解，僅屬於理解與討論 AI 的層次，未見學生實際使用 AI 輔助學習、搜尋、整理或自主學習活動，因此僅給初步分數。","1","課綱僅提到 AI 及其在教育中的應用，未見著作權、個資、偏誤、風險、揭露、責任或 AI 倫理等明確內容，因此只能視為零星提及。","1","內容聚焦於“理解 AI”與其教育應用，未明確要求學生運用 AI 解決問題、完成任務、驗證結果或進行人機協作流程，因此僅能給低分。","1","課綱雖提及 AI in Education，但未明確呈現學生批判 AI、提出自身判斷、同理心、協作或真實場域洞察等 AI 協作脈絡中的人類不可取代能力。","A=2;B=1;C=1;D=1","課名與課綱都明確出現 AI，且內容集中在教育場域中的 AI 理解。","大綱未提及具體教學活動、學生實作、評量方式，亦未說明 AI 使用於學習、倫理風險或問題解決流程。"
"媒體識讀教育專題研究","2","課綱提到分析數位媒體環境中的假新聞、深偽影像與AI內容等新興議題，且有媒體識讀相關專題研究；但沒有明確寫出學生實際使用 AI 作為學習工具、提示詞操作、資訊整理或自主學習設計，因此僅屬初步相關。","2","課綱明確提到假新聞、深偽影像與AI內容等新興議題，與查證、風險意識有關，但未直接寫出 AI 倫理、著作權、個資、揭露、治理或責任歸屬等系統性內容，因此只能給初步分數。","2","課綱有“運用適切之研究方法設計並執行媒體識讀相關專題研究”，且處理 AI 內容、假新聞與深偽等議題，可視為將 AI 納入問題分析情境；但未明確要求用 AI 工具解題、驗證生成結果或人機分工。","2","課綱強調媒體批判思考、數位公民素養與對 AI 內容的分析，顯示要求學生對 AI 相關資訊保持批判與查證；但未明確在 AI 協作脈絡中要求同理心、溝通、主體性或真實場域觀察。","A=2;B=2;C=2;D=2","課綱明確出現AI內容、假新聞與深偽影像，且包含專題研究與批判分析。","未見 AI 工具實作、提示詞運用、結果驗證、人機協作流程，亦未明寫 AI 倫理、法規與責任規範。"
"演算法","1","課綱主要是演算法理論、搜尋、排序、遞迴、動態規劃與程式優化，僅在情意目標寫到“增進學生探究演算法應用於AI教育場域的興趣”，屬於零星提及 AI，沒有明確要求學生使用 AI 作為學習工具。","0","課綱未提及 AI 倫理、著作權、個資、偏誤、風險、查證、治理或責任等內容，僅是演算法課程與 AI 場域的興趣連結，不能計入B。","2","課綱包含“具備問題分析與解決的能力”“運用工具完成專案設計與實作”，並提到探究演算法應用於AI教育場域，顯示與解決問題有一定關聯；但未明確寫出以 AI 進行分析、預測、生成或驗證，也未完整呈現人機協作。","1","課綱雖提及 AI 教育場域，但未明確要求學生在 AI 協作情境中進行批判、決策、同理或真實場域洞察，因此不足以支持D。","A=1;B=0;C=2;D=1","主要是演算法與程式設計內容，僅在情意目標中提到AI教育場域。","缺乏 AI 工具使用、AI 模型或 AI 問題解決任務的明確證據，也沒有 AI 倫理與人機協作的具體描述。"
"資訊安全與倫理","1","課綱主體為資訊安全、密碼學、隱私保護、雲端與網路安全，僅在情意目標提到“探究資訊安全與倫理應用於AI教育場域的興趣”，屬於背景連結，未見學生以 AI 作為學習工具。","2","課綱雖主要是一般資訊安全與倫理，但明確包含“資料隱私與保護”“網絡道德與法律”“安全性測試與評估”，且連結到AI教育場域；這些可支持與 AI 風險、隱私與責任的初步相關，但未明寫 AI 倫理、偏誤、揭露或治理。","1","課綱中的問題分析、專案實作與安全性測試屬一般資安訓練，並未明確要求以 AI 分析或解決問題；AI 僅在興趣描述中出現，因此對C只能給低分。","1","雖課名含倫理且提到 AI 教育場域，但未明確呈現學生在 AI 協作中進行判斷、同理、溝通或決策責任，因此D證據不足。","A=1;B=2;C=1;D=1","課名有倫理，課綱有隱私、法律、安全性測試與 AI 教育場域的提及。","未具體說明 AI 倫理、AI 風險治理、AI 偏誤或 AI 使用揭露，也未有 AI 工具實作。"
"網路學習社群","3","課綱明確列出“AI 輔助社群經營”“AI 社群資料分析”“AI 倫理與趨勢”，表示學生不只理解社群，也會接觸 AI 作為社群經營與資料分析的工具；但未細寫提示詞、學習反思或自主學習規劃，因此屬中等程度。","2","課綱直接提到“AI 倫理與趨勢”，可視為有觸及 AI 相關倫理面向；但未展開著作權、個資、偏誤、風險、揭露或責任歸屬等具體內容，所以不能給高分。","4","課綱包含設計並實際經營網路學習社群、運用資料進行社群學習分析與反思，並明列 AI 輔助社群經營與 AI 社群資料分析，顯示學生會把 AI 納入實際問題解決流程；但未完整說明驗證、修正與流程品質控制。","3","課綱強調線上協作、引導討論與反思，且放入 AI 輔助社群經營情境中，顯示仍需人類在溝通、社群經營與判斷上發揮作用；但未明確要求比較 AI 與人類決策或承擔最終責任。","A=3;B=2;C=4;D=3","AI輔助社群經營、AI社群資料分析與AI倫理與趨勢是課綱明列內容。","未見具體 AI 工具名稱、使用流程、結果驗證機制或人機分工細節。"
"學校經營獨立研究","1","課綱明確出現“人本AI時代學校經營與實施策略”，但整體內容仍以學校經營、領導、案例評析、研究計畫與論文撰寫為主，沒有看到學生運用 AI 作為學習工具或自主學習支持，因此僅屬零星提及。","1","僅在“人本AI時代學校經營與實施策略”中出現 AI，未見 AI 倫理、法規、資安、偏誤、揭露、風險管理或責任歸屬等明確探討，因此不能高估。","1","雖有“人本AI時代學校經營”字樣，但大綱未描述學生使用 AI 進行分析、建模、方案生成、驗證或人機協作解題；研究、案例與評論仍屬一般校務研究，不能直接視為 C。","1","“人本AI時代”可能涉及人類主體性，但課綱沒有明確要求學生在 AI 協作情境中做判斷、溝通、同理或承擔決策責任，因此D證據不足。","A=1;B=1;C=1;D=1","僅有“人本AI時代學校經營與實施策略”一處明確出現AI。","大綱未說明任何 AI 工具、AI 分析、AI 倫理治理或人機協作任務，無法支持更高分。"
"深度學習應用與研究","4","課程明確寫有「學習生成式AI的理論與應用」、「培養利用生成式AI跨領域問題解決與實作能力」，且每週安排生成式AI介紹、應用工具使用與專案實作，顯示學生會實際運用AI作為學習與研究工具；但大綱未具體寫明學習規劃、提示修正或自主學習歷程管理。","3","課程第14週明列「人工智慧道德與社會影響」，亦在課程目標中提到「建立對 AI 倫理與社會影響的深入理解」，確有AI倫理與社會面向；但未明確提及著作權、個資、隱私、偏誤、風險治理、使用揭露或責任歸屬等更完整內容。","5","課程明確包含機器學習、深度學習、CNN、RNN、電腦視覺、自然語言處理、聊天機器人、生成式AI、RAG與應用工具使用，並安排多次「活動及專案實作」與論文報告討論，屬於以AI分析、生成與解決問題的核心課程；但對驗證流程、人機分工與品質控管的細節雖非逐條明示，仍已有明確專題與實作證據。","3","課程有「分組討論」、「上台報告」、「專案實作」與「論文報告與討論」，且強調生成式AI跨領域問題解決與實作，顯示需有人類判斷、表達與協作；但大綱未明確寫出批判AI結果、決策責任、同理溝通或在AI協作中保有人類主體性的具體要求。","A=4;B=3;C=5;D=3","主要依據是課程明確以生成式AI、深度學習與多項AI專題實作為主軸，並且包含AI倫理與社會影響。","B未明列法規、個資、著作權、偏誤、風險管理或揭露；D未清楚寫出驗證、反思、責任歸屬與人類主體性要求。"
"新媒體行銷專題研究","1","課程僅寫明「探討AI浪潮下的新媒體發展與行銷策略」，屬於把AI當作時代背景或趨勢來討論，未見學生使用AI工具輔助學習、整理資訊或自主學習的具體活動。","0","大綱未提及AI倫理、法規、著作權、個資、偏誤、風險、查證或治理等內容，因此不能推定具備負責任使用AI能力。","1","雖提到AI浪潮下的新媒體發展與行銷策略，但未見要求學生運用AI分析資料、產生方案、完成專題或進行驗證修正，因此僅能視為零星相關。","0","大綱未出現AI情境中的人機協作、批判AI結果、同理互動、創意整合或真實場域問題等具體要求，因此不能給分。","A=1;B=0;C=1;D=0","主要依據僅有「AI浪潮下的新媒體發展與行銷策略」這一類背景性描述。","缺乏AI工具使用、實作任務、倫理法規、風險治理與人機協作的明確文字。"
"資訊科技新知","1","課程內容包含「人工智慧與機器人」與「對抗生成網路(GAN)簡介」，顯示接觸AI相關概念，但大綱主要是介紹科技趨勢與新知，未見學生使用AI作為學習工具、資訊整理工具或自主學習流程。","1","課程雖有「資訊素養與倫理」，但未明確與AI連結；不能因一般倫理或資訊素養就直接推定為AI倫理、法規、個資、偏誤或治理教育。","1","課程涉及「人工智慧與機器人」及「GAN簡介」，但未寫明學生需用AI分析、建模、解題、實作專題或驗證成果，因此僅屬概念性接觸。","0","大綱未呈現AI協作中的批判檢核、決策責任、同理溝通、創意整合或真實情境洞察，因此不能給分。","A=1;B=1;C=1;D=0","主要依據是課綱中少量出現人工智慧、機器人與GAN等AI相關主題，但整體仍屬科技新知導論。","缺乏明確AI工具應用、AI倫理/法規與AI情境下的人機協作要求。"
"人工智慧基礎程式設計","1","課程寫明介紹人工智慧原理與日常生活應用，並要求「建立正確的人工智慧知識並妥善應用於日常生活中」，可視為接觸AI知識；但大綱未明確寫出學生用AI工具輔助學習、搜尋、整理或自主學習活動。","0","大綱僅提到「正確的人工智慧知識」與「妥善應用」，未涉及AI倫理、法規、著作權、個資、偏誤、風險或責任，因此不能推定符合負責任使用AI能力。","2","課程明確談到AI原理與日常生活實務，且有「討論、實作」，表示學生會接觸AI應用；但未說明具體使用AI來分析問題、完成任務、驗證結果或進行專題，因此僅達初步相關。","1","雖有討論與實作，但未出現AI情境中的人類判斷、同理、創意整合或真實世界洞察的具體要求，因此僅能給極低分。","A=1;B=0;C=2;D=1","主要依據是課程明確介紹AI原理與日常應用，並安排討論與實作。","缺乏明確的AI學習工具使用、倫理法規、問題解決流程與人機協作或人類主體性描述。"
"人工智慧基礎程式設計","1","課程寫明介紹人工智慧原理與日常生活應用，並要求「建立正確的人工智慧知識並妥善應用於日常生活中」，可視為接觸AI知識；但大綱未明確寫出學生用AI工具輔助學習、搜尋、整理或自主學習活動。","0","大綱僅提到「正確的人工智慧知識」與「妥善應用」，未涉及AI倫理、法規、著作權、個資、偏誤、風險或責任，因此不能推定符合負責任使用AI能力。","2","課程明確談到AI原理與日常生活實務，且有「討論、實作」，表示學生會接觸AI應用；但未說明具體使用AI來分析問題、完成任務、驗證結果或進行專題，因此僅達初步相關。","1","雖有討論與實作，但未出現AI情境中的人類判斷、同理、創意整合或真實世界洞察的具體要求，因此僅能給極低分。","A=1;B=0;C=2;D=1","主要依據是課程明確介紹AI原理與日常應用，並安排討論與實作。","缺乏明確的AI學習工具使用、倫理法規、問題解決流程與人機協作或人類主體性描述。"
"人工智慧基礎程式設計","1","課程寫明介紹人工智慧原理與日常生活應用，並要求「建立正確的人工智慧知識並妥善應用於日常生活中」，可視為接觸AI知識；但大綱未明確寫出學生用AI工具輔助學習、搜尋、整理或自主學習活動。","0","大綱僅提到「正確的人工智慧知識」與「妥善應用」，未涉及AI倫理、法規、著作權、個資、偏誤、風險或責任，因此不能推定符合負責任使用AI能力。","2","課程明確談到AI原理與日常生活實務，且有「討論、實作」，表示學生會接觸AI應用；但未說明具體使用AI來分析問題、完成任務、驗證結果或進行專題，因此僅達初步相關。","1","雖有討論與實作，但未出現AI情境中的人類判斷、同理、創意整合或真實世界洞察的具體要求，因此僅能給極低分。","A=1;B=0;C=2;D=1","主要依據是課程明確介紹AI原理與日常應用，並安排討論與實作。","缺乏明確的AI學習工具使用、倫理法規、問題解決流程與人機協作或人類主體性描述。"
"人工智慧基礎程式設計","2","課程名稱與大綱明確出現人工智慧，且目標寫有「了解人工智慧的原理並能應用於日常生活」與「建立正確的人工智慧知識並妥善應用」，可判定學生會接觸 AI 基本知識與使用情境；但大綱未明寫學生會將 AI 作為學習工具來搜尋、整理、反思或規劃自主學習，因此僅給初步相關分數。","1","大綱提到「建立正確的人工智慧知識並妥善應用於日常生活」，可略見正確使用觀念，但未明確涉及 AI 倫理、著作權、個資、偏誤、風險、揭露或責任歸屬，因此只能給零星提及。","2","本課程明確教「人工智慧原理」並談「日常生活相關之實務」，屬於 AI 基礎知識與應用入門，與運用 AI 解題有關；但大綱未寫出學生需實際用 AI 完成分析、預測、建模、專題或驗證修正流程，因此不宜提高。","1","大綱僅描述 AI 原理與日常應用，未出現人類判斷、同理心、溝通合作、批判 AI 結果或真實情境洞察等與 AI 協作下的人類主體性內容，因此僅能視為一般 AI 入門課程，D 證據不足。","A=2;B=1;C=2;D=1","主要依據為課名與大綱都明確有 AI 原理與日常應用，但內容僅停留在介紹與實作層次，未完整呈現學習工具、倫理治理、問題解決流程或人機協作的明確要求。","A 缺少 AI 輔助學習、提示詞運用、學習歷程規劃等證據；B 缺少倫理、法規、個資、偏誤與責任內容；C 缺少明確任務、驗證與品質控制；D 缺少批判、同理、溝通與真實場域脈絡。"
"人工智慧基礎程式設計","2","課程名稱與大綱明確出現人工智慧，且目標寫有「了解人工智慧的原理並能應用於日常生活」與「建立正確的人工智慧知識並妥善應用」，可判定學生會接觸 AI 基本知識與使用情境；但大綱未明寫學生會將 AI 作為學習工具來搜尋、整理、反思或規劃自主學習，因此僅給初步相關分數。","1","大綱提到「建立正確的人工智慧知識並妥善應用於日常生活」，可略見正確使用觀念，但未明確涉及 AI 倫理、著作權、個資、偏誤、風險、揭露或責任歸屬，因此只能給零星提及。","2","本課程明確教「人工智慧原理」並談「日常生活相關之實務」，屬於 AI 基礎知識與應用入門，與運用 AI 解題有關；但大綱未寫出學生需實際用 AI 完成分析、預測、建模、專題或驗證修正流程，因此不宜提高。","1","大綱僅描述 AI 原理與日常應用，未出現人類判斷、同理心、溝通合作、批判 AI 結果或真實情境洞察等與 AI 協作下的人類主體性內容，因此僅能視為一般 AI 入門課程，D 證據不足。","A=2;B=1;C=2;D=1","主要依據為課名與大綱都明確有 AI 原理與日常應用，但內容僅停留在介紹與實作層次，未完整呈現學習工具、倫理治理、問題解決流程或人機協作的明確要求。","A 缺少 AI 輔助學習、提示詞運用、學習歷程規劃等證據；B 缺少倫理、法規、個資、偏誤與責任內容；C 缺少明確任務、驗證與品質控制；D 缺少批判、同理、溝通與真實場域脈絡。"
"人工智慧基礎程式設計","2","課程名稱與大綱明確出現人工智慧，且目標寫有「了解人工智慧的原理並能應用於日常生活」與「建立正確的人工智慧知識並妥善應用」，可判定學生會接觸 AI 基本知識與使用情境；但大綱未明寫學生會將 AI 作為學習工具來搜尋、整理、反思或規劃自主學習，因此僅給初步相關分數。","1","大綱提到「建立正確的人工智慧知識並妥善應用於日常生活」，可略見正確使用觀念，但未明確涉及 AI 倫理、著作權、個資、偏誤、風險、揭露或責任歸屬，因此只能給零星提及。","2","本課程明確教「人工智慧原理」並談「日常生活相關之實務」，屬於 AI 基礎知識與應用入門，與運用 AI 解題有關；但大綱未寫出學生需實際用 AI 完成分析、預測、建模、專題或驗證修正流程，因此不宜提高。","1","大綱僅描述 AI 原理與日常應用，未出現人類判斷、同理心、溝通合作、批判 AI 結果或真實情境洞察等與 AI 協作下的人類主體性內容，因此僅能視為一般 AI 入門課程，D 證據不足。","A=2;B=1;C=2;D=1","主要依據為課名與大綱都明確有 AI 原理與日常應用，但內容僅停留在介紹與實作層次，未完整呈現學習工具、倫理治理、問題解決流程或人機協作的明確要求。","A 缺少 AI 輔助學習、提示詞運用、學習歷程規劃等證據；B 缺少倫理、法規、個資、偏誤與責任內容；C 缺少明確任務、驗證與品質控制；D 缺少批判、同理、溝通與真實場域脈絡。"
"人工智慧基礎程式設計","2","課程名稱與大綱明確出現人工智慧，且目標寫有「了解人工智慧的原理並能應用於日常生活」與「建立正確的人工智慧知識並妥善應用」，可判定學生會接觸 AI 基本知識與使用情境；但大綱未明寫學生會將 AI 作為學習工具來搜尋、整理、反思或規劃自主學習，因此僅給初步相關分數。","1","大綱提到「建立正確的人工智慧知識並妥善應用於日常生活」，可略見正確使用觀念，但未明確涉及 AI 倫理、著作權、個資、偏誤、風險、揭露或責任歸屬，因此只能給零星提及。","2","本課程明確教「人工智慧原理」並談「日常生活相關之實務」，屬於 AI 基礎知識與應用入門，與運用 AI 解題有關；但大綱未寫出學生需實際用 AI 完成分析、預測、建模、專題或驗證修正流程，因此不宜提高。","1","大綱僅描述 AI 原理與日常應用，未出現人類判斷、同理心、溝通合作、批判 AI 結果或真實情境洞察等與 AI 協作下的人類主體性內容，因此僅能視為一般 AI 入門課程，D 證據不足。","A=2;B=1;C=2;D=1","主要依據為課名與大綱都明確有 AI 原理與日常應用，但內容僅停留在介紹與實作層次，未完整呈現學習工具、倫理治理、問題解決流程或人機協作的明確要求。","A 缺少 AI 輔助學習、提示詞運用、學習歷程規劃等證據；B 缺少倫理、法規、個資、偏誤與責任內容；C 缺少明確任務、驗證與品質控制；D 缺少批判、同理、溝通與真實場域脈絡。"
"人工智慧基礎程式設計","2","課程名稱與大綱明確出現人工智慧，且目標寫有「了解人工智慧的原理並能應用於日常生活」與「建立正確的人工智慧知識並妥善應用」，可判定學生會接觸 AI 基本知識與使用情境；但大綱未明寫學生會將 AI 作為學習工具來搜尋、整理、反思或規劃自主學習，因此僅給初步相關分數。","1","大綱提到「建立正確的人工智慧知識並妥善應用於日常生活」，可略見正確使用觀念，但未明確涉及 AI 倫理、著作權、個資、偏誤、風險、揭露或責任歸屬，因此只能給零星提及。","2","本課程明確教「人工智慧原理」並談「日常生活相關之實務」，屬於 AI 基礎知識與應用入門，與運用 AI 解題有關；但大綱未寫出學生需實際用 AI 完成分析、預測、建模、專題或驗證修正流程，因此不宜提高。","1","大綱僅描述 AI 原理與日常應用，未出現人類判斷、同理心、溝通合作、批判 AI 結果或真實情境洞察等與 AI 協作下的人類主體性內容，因此僅能視為一般 AI 入門課程，D 證據不足。","A=2;B=1;C=2;D=1","主要依據為課名與大綱都明確有 AI 原理與日常應用，但內容僅停留在介紹與實作層次，未完整呈現學習工具、倫理治理、問題解決流程或人機協作的明確要求。","A 缺少 AI 輔助學習、提示詞運用、學習歷程規劃等證據；B 缺少倫理、法規、個資、偏誤與責任內容；C 缺少明確任務、驗證與品質控制；D 缺少批判、同理、溝通與真實場域脈絡。"
"學障兒童的評量與教學","1","大綱明確寫出「學生能使用人工智慧軟體設計教材」，顯示有接觸 AI 工具的行為；但其重點是設計教材，未明確指出學生會用 AI 作為學習、搜尋、整理、反思或自主學習工具，因此 A 只能算零星提及。","1","雖有「使用人工智慧軟體設計教材」，但大綱未提及 AI 倫理、著作權、個資、偏誤、資安、風險、揭露或責任歸屬；因此 B 缺乏直接證據。","3","課程明寫學生「能就學障孩童提供證據本位的介入策略」且「使用人工智慧軟體設計教材」，表示 AI 被納入教育評量與教學實務，屬於具體應用；但大綱未說明如何驗證 AI 產出、比較方案或規劃人機分工，故未達更高分。","2","本課程面向學障兒童的評量與教學，若結合 AI 設計教材，確實存在教學情境中的人類專業判斷與實務考量；但大綱未明確要求同理、溝通、團隊協作或批判 AI 結果，也未清楚呈現 AI 協作下的人類主體性，因此僅初步相關。","A=1;B=1;C=3;D=2","主要依據為大綱明確出現「使用人工智慧軟體設計教材」與「證據本位的介入策略」，可證明 AI 被用於實務任務，但未完整呈現倫理、驗證、人機分工與人類判斷要求。","A 缺少 AI 作為學習工具的直接證據；B 完全未提 AI 倫理與風險；C 缺少查證、修正、品質控制與系統性流程；D 缺少明確的人際互動、同理與批判 AI 的要求。"
"當代思潮與教育","0","課程大綱僅提到「AI-Ed」作為當前議題之一，屬於概念性背景提及，未說明學生會使用任何 AI 工具進行學習、整理資訊或自主學習，因此不能支持能力A。","0","大綱未提及 AI 倫理、法規、個資、偏誤、風險或責任等內容；僅有「AI-Ed」字樣，不能推定有負責任使用 AI 的教學。","0","大綱僅將 AI-Ed 列為新議題與理論之一，未描述學生會運用 AI 分析、解決問題、專題實作或人機協作流程，因此不能支持能力C。","0","課程內容聚焦當代教育思潮與理論，雖含「AI-Ed」字樣，但未在 AI 情境中要求批判、判斷、同理、協作或真實場域洞察，因此不能支持能力D。","A=0;B=0;C=0;D=0","整門課僅有 AI-Ed 的概念性提及，屬背景議題，不足以證明 AI 能力培養。","大綱未具體說明 AI 工具、AI 任務、AI 倫理或 AI 協作活動，因此四項能力皆不能推定。"
"人工智慧導論","3","課程明確要求學生「建立人工智慧的基本素養與未來視野」、「理解AI技術的核心概念與相互關係」，並提到「靈活運用生成式AI工具與技術」，可見學生會接觸並運用 AI 工具；但未明確寫出用 AI 做學習規劃、資訊整理、反思或自主學習流程，因此未達更高分。","0","大綱未提及 AI 倫理、著作權、個資、偏誤、風險、揭露或責任歸屬等內容，僅有技術與應用學習，不能支持能力B。","4","大綱明確包含「靈活運用生成式AI工具與技術」及「透過AI活動及實作專案提升綜合能力」，顯示學生須以 AI 參與實作專案，屬明確的運用 AI 解決問題證據；但未說明驗證、修正、人機分工或品質控制流程，因此未達5分。","2","課程有「基本素養與未來視野」及「實作專案」，可推知學生需在 AI 學習情境中進行一定程度的判斷；但大綱未明寫批判 AI、同理心、溝通協作、真實場域觀察或人類最終決策責任，因此只能給低度相關分數。","A=3;B=0;C=4;D=2","主要依據為課程明確涵蓋 AI 基礎概念、生成式 AI 工具運用與 AI 活動實作專案。","缺少 AI 倫理法規、風險治理、查證機制、人機分工與人類主體性等明確描述。"
"機器學習","0","課程名稱與大綱僅述及「機器學習的基本理論與應用技術」，是學習 AI 技術本身，未明確提到學生會用 AI 作為學習工具、資訊整理工具或自主學習工具，因此不能支持能力A。","0","大綱未提及 AI 倫理、法規、個資、偏誤、風險或責任等內容，因此不能支持能力B。","2","課程明確為機器學習的理論與應用技術學習，屬 AI 技術內容；但大綱未說明學生會實作專題、使用 AI 解決具體問題、或進行驗證與修正，因此僅能給初步相關分數。","0","大綱未出現人類判斷、同理心、協作、真實場域或 AI 協作下的主體性等內容，因此不能支持能力D。","A=0;B=0;C=2;D=0","課程屬機器學習基礎理論與應用技術，與 AI 技術學習相關，但缺少 AI 工具使用、倫理治理與問題解決流程。","未提及學生實作、專題任務、驗證修正、人機分工或 AI 情境中的判斷與責任。"
"深度學習","0","大綱重點是深度學習原理、Tensorflow、Keras、MLP、CNN、RNN、LSTM、GAN、LLM 等理論與實作，屬於學習 AI 技術本身，未提及學生用 AI 工具輔助學習、整理資訊或自主學習，因此不能支持能力A。","0","大綱未提及 AI 倫理、著作權、個資、偏誤、風險、查證、揭露或責任，因此不能支持能力B。","3","課程包含多種深度學習模型與「理論與實作」，顯示學生會實際操作 AI/機器學習模型，屬於運用 AI 技術進行任務的基礎證據；但大綱未說明具體問題情境、專題、驗證修正或人機協作流程，因此不宜給更高分。","0","大綱未出現人類判斷、同理心、溝通協作、真實世界洞察或創意整合等 AI 協作脈絡內容，因此不能支持能力D。","A=0;B=0;C=3;D=0","主要依據為深度學習各模型之理論與實作，顯示學生會操作 AI 技術。","缺少 AI 作為學習工具的描述，也缺少倫理治理、問題導向專題、驗證修正與人類主體性要求。"
"人工智慧","0","課程大綱僅說明「系統性地學習人工智慧的基本理論與應用技術」，屬於學習 AI 技術本身，未提及學生使用 AI 輔助學習、資訊整理或自主學習，因此不能支持能力A。","0","大綱未提及 AI 倫理、法規、個資、偏誤、風險或責任等內容，因此不能支持能力B。","2","雖然課程名稱與大綱皆明確指向人工智慧，但內容僅是「基本理論與應用技術」的系統性學習，未說明學生必須以 AI 解決具體問題或完成專題，因此僅可給初步相關分數。","0","大綱未提及判斷、協作、同理、真實場域或 AI 協作中的人類主體性，因此不能支持能力D。","A=0;B=0;C=2;D=0","課程屬人工智慧基礎理論與應用技術導論。","未說明實作任務、專題、驗證修正、人機分工或 AI 責任與治理內容。"
"人工智慧教育應用概論","0","大綱僅說明要理解「人工智慧與資料科學在教育中的應用價值」，屬於概念性認識，未提及學生會使用 AI 作為學習工具或自主學習工具，因此不能支持能力A。","0","大綱未提及 AI 倫理、個資、偏誤、法規、責任或風險管理等內容，因此不能支持能力B。","1","課程只提到理解 AI 與資料科學在教育中的應用價值，屬教育場域中的 AI 概念介紹；但未說明學生要實際運用 AI 解決教育問題、進行實作或驗證成果，因此僅能給低度相關分數。","0","大綱未出現人類判斷、同理心、溝通協作、真實教育場域觀察或 AI 協作下的主體性，因此不能支持能力D。","A=0;B=0;C=1;D=0","主要依據為課程僅提及 AI 與資料科學在教育中的應用價值，屬概念認識。","缺少實作、問題解決、AI 工具使用、倫理風險與人機協作等明確內容。"
"教學原理","1","大綱第9週提到「教學媒體與科技整合（數位教學工具、AI教學應用、互動式白板）」，僅屬於零星出現AI教學應用；其餘內容主要是教學理論、課程設計與評量，未明確要求學生以AI作為學習工具或進行AI輔助自主學習。","0","大綱未提及AI倫理、著作權、個資、隱私、偏誤、風險管理、使用揭露或責任歸屬等內容，因此不能推定具備負責任使用AI的能力。","1","課程雖有「AI教學應用」，但未見學生需運用AI解決具體問題、產出專題或進行驗證修正；整體仍以教學原理與設計為主，AI僅是單元中的輔助內容。","0","大綱雖包含小組討論、教學觀察與反思，但這些活動未置於AI協作情境中，也未要求比較、檢核AI結果或強調AI無法取代的人類判斷、同理或創意。","A=1;B=0;C=1;D=0","主要依據為第9週明列「AI教學應用」，但僅屬單元性提及，且整體課程核心仍是教學理論、設計、評量與實務反思。","AI相關內容不足以支持B、C、D的系統性培養；大綱未明確描述學生使用AI完成任務、查證修正或在AI情境下進行人機協作。"
"學校經營與發展專題研究","1","課程內容主要是學校經營理論、案例評析、行動研究與論文寫作；僅在第5週出現「人本AI時代學校的經營與管理策略」，屬於AI時代背景討論，未明確寫出學生使用AI作為學習工具或自主學習支持。","0","大綱未提及AI倫理、AI法規、著作權、個資、隱私、偏誤、風險或使用揭露等，不能據此判定具備負責任使用AI能力。","1","雖有「人本AI時代學校的經營與管理策略」字樣，但未見學生實際運用AI分析學校問題、提出方案或進行工具操作；課程主要仍是學校經營與研究專題。","1","「人本AI時代」僅屬背景或情境描述，未明確要求學生在AI協作下展現判斷、同理、溝通或創意，也未說明人類決策責任。","A=1;B=0;C=1;D=1","主要依據是課綱中唯一明確AI相關文字為「人本AI時代學校的經營與管理策略」，但未形成具體AI教學或實作任務。","AI內容過少，且沒有明確的AI工具使用、風險治理、問題解決流程或人機協作評量，因此B、C、D皆缺乏足夠證據。"
"多變量統計分析","1","大綱第5點明列「熟悉AI Tools、SPSS及AMOS在多變量分析的操作、結果的解釋與在論文中的呈現」，顯示學生會接觸AI工具；但課程重點是統計分析與軟體操作，未明確呈現AI作為學習輔助工具的設計。","0","課程內容聚焦統計方法與軟體，未提及AI倫理、資料隱私、偏誤、查證、使用揭露或責任等負責任使用AI的核心議題，因此不能給分。","3","大綱明確要求使用「AI Tools、SPSS及AMOS」進行多變量分析操作、結果解釋與論文呈現，屬於將AI納入專業問題解決流程的直接證據；但未見驗證AI結果、修正偏誤、人機分工或流程優化的完整說明。","0","課程主要是統計分析訓練，未在AI協作脈絡中強調人類判斷、同理、溝通或真實世界洞察，也未呈現AI無法取代的人類主體性。","A=1;B=0;C=3;D=0","主要依據為課綱明列「AI Tools」應用於多變量分析操作、結果解釋與論文呈現，顯示C有直接證據。","A僅見工具使用，未說明如何以AI輔助學習；B與D完全缺乏AI倫理、風險與人機協作面向。"
"科技教育概論","2","大綱提到「設計思考與運算思維教育的教學內容與教材教具」、「資訊融入學科教學及跨領域科際整合」，且評量含「AI素養筆試或讀書心得」，顯示課程有AI素養相關學習；但未明確寫出學生以AI工具進行自主學習、資訊整理或學習規劃。","1","評量中出現「AI素養」字樣，但大綱未具體說明倫理、著作權、個資、隱私、偏誤、風險、查證或責任等內容，因此僅能視為零星提及，不能高估。","1","課程包含「AI素養筆試或讀書心得」，但主要仍是科技領域、資訊教育與教案分析評論；未明確要求學生以AI解決實際教學或科技問題。","0","雖有AI素養字樣，但未呈現AI協作下的人類判斷、同理、溝通、創意或真實場域洞察，也未說明AI無法取代的人類角色。","A=2;B=1;C=1;D=0","主要依據為課程評量明列「AI素養筆試或讀書心得」，且內容涉及資訊教育與科技領域教學。","大綱未具體描述AI工具使用情境、倫理法規討論或用AI完成任務，因此A、B、C、D皆無法高分。"
"科技領導專題研究","3","大綱明列「學習分析的意涵與相關技術和議題」、「AI素養」、「AI工具運用於管理」以及課程目標中的「熟悉AI工具在領導的應用」，並搭配課前閱讀、課中講授討論操作與專題報告，顯示學生會接觸並使用AI相關工具作為管理與學習的一部分。","2","課程明確提到「AI工具在領導的應用、界線與倫理議題」及第15週「AI倫理」，顯示有負責任使用AI的初步內容；但未具體列出著作權、個資、偏誤、查證、揭露或責任歸屬等細項，因此屬於中度而非完整培養。","3","第14週為「AI工具運用於管理」，第13週為「AI素養」，且專題報告為主要評量，表示學生會將AI納入領導或管理情境進行應用；但大綱未說明是否需要驗證AI輸出、修正結果或進行完整人機分工。","2","「AI工具在領導的應用、界線與倫理議題」與「AI倫理」顯示課程有討論人類決策邊界與責任，但未明確要求比較AI建議、保有人類主體性或處理團隊溝通、同理與創意等無法取代的面向。","A=3;B=2;C=3;D=2","主要依據為課程明確包含AI素養、AI工具運用於管理與AI倫理，且以專題報告與操作作為學習活動。","A缺乏清楚的學習歷程設計；B未具體列出法規與風險管理細項；C缺少驗證修正與人機分工；D未明確置入同理、溝通與人類主體性的評量。"
"人工智慧教學應用專題","5","課程目標明確寫出「了解人工智慧的原理並能實際應用於教育議題上」，並包含「AI教學工具」、「AI與教學」與專題製作，顯示學生不只是學AI，而是運用AI作為教育情境中的學習與實作工具；搭配課堂討論與專題製作，可判定具備運用AI學習與應用的完整要求。","1","大綱僅見「了解人工智慧的原理」與課程名稱中的「教學應用」，未提及AI倫理、著作權、個資、偏誤、風險、查證或使用揭露等責任議題，因此只能給零星程度。","5","課程直接包含人工智慧概論、Python套件與應用、KNN/SVM/決策樹理論與實作、聊天機器人實作、AI教學工具與AI與教學，且以「實作專題製作(100%)」評量，明確呈現學生以AI技術與工具完成教育議題實作任務。","1","雖然有「AI與教學」與實作專題，但大綱未明確要求驗證AI輸出、反思人類判斷、同理或溝通，也未說明AI無法取代的人類主體性與責任分工。","A=5;B=1;C=5;D=1","主要依據為課程直接以人工智慧教學應用為核心，且包含模型理論、聊天機器人實作與AI教學工具等明確實作內容。","B與D的證據不足：未見倫理、法規、風險治理或人機協作中的判斷與反思機制。}"
"美學經濟與時尚創新專題研究","1","大綱主要著重跨領域創新、策略分析、個案分析、組織診斷與創業計劃等內容，僅在第11週出現「如何利用 AI 大數據」的專題講座，屬零星提及 AI，未明確要求學生運用 AI 進行學習、整理資訊或自主學習。","0","大綱未提及 AI 倫理、著作權、個資、偏誤、風險、查證、治理或責任歸屬等內容，不能推定有負責任使用 AI 的培養。","1","僅有「如何利用 AI 大數據」的單次講座，且未說明學生需以 AI 分析問題、產出方案、驗證結果或完成 AI 專題，因此僅能視為與 AI 相關的背景內容。","0","大綱未出現 AI 協作情境中的判斷、驗證、人類主體性、同理心或真實場域洞察等要求，不能據此評為 D。","A=1;B=0;C=1;D=0","主要依據為大綱僅零星提及一次 AI 講座，整體核心仍是創業、創新與個案分析。","缺乏學生實際使用 AI 工具的學習任務，也未提及 AI 倫理、風險控管、驗證流程或人機協作設計。"
"資訊科技新知","1","課程內容涵蓋「人工智慧與機器人」與「雲端工具」，但大綱主要目標是認識現今科技產品、科技發展歷史及趨勢，未明確要求學生使用 AI 作為學習工具來搜尋、整理、摘要或自主學習，因此僅能給低分。","1","大綱雖有「資訊安全與社會議題」與「資訊素養與倫理」，但未明確連結 AI 的倫理、法規、個資、偏誤、查證或 AI 責任問題，因此不能直接視為負責任使用 AI 的培養。","2","課綱明列「人工智慧與機器人」，顯示學生會接觸 AI 相關主題；但內容偏向科技新知介紹，未見以 AI 解決問題、實作任務、驗證修正或人機分工的明確描述。","1","大綱沒有出現 AI 情境下的人類判斷、同理心、溝通協作或真實場域洞察的要求；雖有期末小組報告，但未說明與 AI 協作相關，因此不足以支持 D。","A=1;B=1;C=2;D=1","主要依據為課程確實包含人工智慧相關單元，但整體以科技趨勢與資訊科技概覽為主。","未明載學生如何實際使用 AI 工具學習、如何進行 AI 風險與倫理判讀，以及是否有 AI 專題或問題解決實作。"
"人工智慧基礎程式設計","1","大綱明示介紹人工智慧原理與應用於日常生活，並要求學生了解原理並妥善應用於日常生活；此為學習 AI 知識本身，未明確呈現學生以 AI 輔助學習、整理資訊或自主學習策略，因此 A 僅能給低分。","0","大綱未提及 AI 倫理、著作權、個資、偏誤、風險、查證或責任歸屬，不能推定有負責任使用 AI 的內容。","2","課程明確涉及 AI 原理與日常應用，且有「討論、實作」，可判定學生會接觸 AI 基礎操作或應用；但大綱未說明具體問題解決任務、驗證修正或人機分工，因此僅屬初步接觸。","0","大綱未見 AI 協作情境中的人類主體性、批判判斷、同理心、真實世界觀察或創意整合等要求，因此不能支持 D。","A=1;B=0;C=2;D=0","主要依據為課程重點在人工智慧原理與日常應用的入門介紹，並包含討論與實作。","未明列 AI 作為學習工具的使用方式、AI 倫理與風險議題、或以 AI 解決具體問題的完整任務。"
"人工智慧基礎程式設計","1","大綱明示介紹人工智慧原理與應用於日常生活，並要求學生了解原理並妥善應用於日常生活；此為學習 AI 知識本身，未明確呈現學生以 AI 輔助學習、整理資訊或自主學習策略，因此 A 僅能給低分。","0","大綱未提及 AI 倫理、著作權、個資、偏誤、風險、查證或責任歸屬，不能推定有負責任使用 AI 的內容。","2","課程明確涉及 AI 原理與日常應用，且有「討論、實作」，可判定學生會接觸 AI 基礎操作或應用；但大綱未說明具體問題解決任務、驗證修正或人機分工，因此僅屬初步接觸。","0","大綱未見 AI 協作情境中的人類主體性、批判判斷、同理心、真實世界觀察或創意整合等要求，因此不能支持 D。","A=1;B=0;C=2;D=0","主要依據為課程重點在人工智慧原理與日常應用的入門介紹，並包含討論與實作。","未明列 AI 作為學習工具的使用方式、AI 倫理與風險議題、或以 AI 解決具體問題的完整任務。"
"人工智慧基礎程式設計","1","大綱明示介紹人工智慧原理與應用於日常生活，並要求學生了解原理並妥善應用於日常生活；此為學習 AI 知識本身，未明確呈現學生以 AI 輔助學習、整理資訊或自主學習策略，因此 A 僅能給低分。","0","大綱未提及 AI 倫理、著作權、個資、偏誤、風險、查證或責任歸屬，不能推定有負責任使用 AI 的內容。","2","課程明確涉及 AI 原理與日常應用，且有「討論、實作」，可判定學生會接觸 AI 基礎操作或應用；但大綱未說明具體問題解決任務、驗證修正或人機分工，因此僅屬初步接觸。","0","大綱未見 AI 協作情境中的人類主體性、批判判斷、同理心、真實世界觀察或創意整合等要求，因此不能支持 D。","A=1;B=0;C=2;D=0","主要依據為課程重點在人工智慧原理與日常應用的入門介紹，並包含討論與實作。","未明列 AI 作為學習工具的使用方式、AI 倫理與風險議題、或以 AI 解決具體問題的完整任務。"
"人工智慧基礎程式設計","1","大綱明示介紹人工智慧原理與應用於日常生活，並要求學生了解原理並妥善應用於日常生活；此為學習 AI 知識本身，未明確呈現學生以 AI 輔助學習、整理資訊或自主學習策略，因此 A 僅能給低分。","0","大綱未提及 AI 倫理、著作權、個資、偏誤、風險、查證或責任歸屬，不能推定有負責任使用 AI 的內容。","2","課程明確涉及 AI 原理與日常應用，且有「討論、實作」，可判定學生會接觸 AI 基礎操作或應用；但大綱未說明具體問題解決任務、驗證修正或人機分工，因此僅屬初步接觸。","0","大綱未見 AI 協作情境中的人類主體性、批判判斷、同理心、真實世界觀察或創意整合等要求，因此不能支持 D。","A=1;B=0;C=2;D=0","主要依據為課程重點在人工智慧原理與日常應用的入門介紹，並包含討論與實作。","未明列 AI 作為學習工具的使用方式、AI 倫理與風險議題、或以 AI 解決具體問題的完整任務。"
"人工智慧","2","大綱明確寫到學生將利用Python進行數據處理、熟悉人工智慧模型基礎與技術，並在專題式學習中嘗試規劃解決方案；這顯示有使用AI相關知識與技術進行學習，但未明確寫出學生會把AI當作學習輔助工具來搜尋、整理、反思或自主調整學習歷程。","0","大綱未提及AI倫理、著作權、個資、偏誤、風險、查證、治理或責任歸屬等內容，因此不能推定有負責任使用AI的培養。","4","大綱明確提到學生要瞭解產業需求並利用人工智慧技術規劃解決方案嘗試落地實踐，且採專題式學習與跨領域應用技術規劃，符合運用AI解決問題；但未明寫驗證、修正、品質控制或人機分工流程。","2","課程包含專題式學習與跨領域應用技術規劃，顯示有真實問題情境與實作脈絡，但大綱未明確呈現學生需在AI協作情境中做出判斷、反思、溝通或保有主體性，因此只能部分認定。","A=2;B=0;C=4;D=2","主要符合C，因課程明確要求用人工智慧技術規劃解決方案並嘗試落地實踐；A與D僅有部分相關文字。","B所需的AI倫理、法規、隱私、偏誤、風險與責任內容完全未出現；A也未寫出AI作為學習工具的具體使用方式。"
"創新科技與應用","1","大綱只提到探索當前創新科技的發展趨勢，其中列舉人工智慧、物聯網、大數據等，屬於背景與趨勢介紹；未明確要求學生使用AI作為學習工具或輔助自主學習。","0","大綱雖提到探討創新科技對社會與產業的影響，但未明確涉及AI倫理、著作權、個資、偏誤、風險管理、查證或責任歸屬，因此不能給B分。","2","大綱寫明「掌握創新科技應用於解決問題的設計方法」及「學會使用創新工具進行基礎應用開發與設計」，並包含人工智慧作為發展趨勢之一；但未明確指出學生必須用AI完成具體問題解決任務，因此僅屬初步相關。","1","課程提到創新科技對社會與產業的影響，但未把這些內容放在AI協作、AI判斷或人類主體性情境中，也未要求學生對AI結果做批判或決策，因此D證據不足。","A=1;B=0;C=2;D=1","主要依據是課程將人工智慧列為創新科技趨勢之一，並提到解決問題的設計方法，但AI只屬於部分內容。","大綱未明確寫出AI學習工具使用、AI倫理法規、或學生在AI情境中的判斷與協作要求。"
"AI協作課程設計","2","課程明確談的是生成式人工智慧於課程設計歷程中的整合與應用，顯示學生會接觸AI作為設計工具；但大綱僅一句概述，未寫出學生如何用AI協助學習、整理、反思或自主調整學習歷程。","0","大綱未提及AI倫理、著作權、個資、偏誤、風險、揭露或責任等內容，因此不能推定有負責任使用AI的培養。","2","課程聚焦「生成式人工智慧於課程設計歷程中的整合與應用」，可視為將AI納入課程設計問題情境，但大綱未寫出具體實作、專題、產出或驗證流程，因此僅能給初步分數。","1","雖然課名含「協作」，但大綱沒有明寫人類判斷、同理、溝通、反思或真實場域需求，也未呈現AI協作下的人類主體性，因此D證據不足。","A=2;B=0;C=2;D=1","主要依據是課程直接以生成式AI與課程設計整合為核心，但大綱過於簡略。","缺乏具體教學活動、學生任務、評量方式，以及倫理、驗證、人機分工與決策責任的明確文字。"
"量化資料分析與電腦應用","3","大綱明確寫出「能善用AI工具於資料分析」，且課程安排第三次與第七次分別進行AI tools的操作，顯示學生會實際使用AI作為學習與分析輔助工具；但未明確提及學習規劃、反思或自主學習歷程管理。","0","大綱雖有資料分析與AI工具操作，但未提及AI倫理、個資、資料外洩、偏誤、幻覺、查證、使用揭露或責任歸屬，因此不能給B分。","4","課程明確要求完成質性及量化資料分析、正確應用電腦資料分析軟體，並「善用AI工具於資料分析」，且包含專題報告與結果解釋，符合運用AI解決問題；但未明寫如何驗證AI輸出、修正錯誤或建立人機分工。","2","課程強調對分析結果給予正確解釋、進行專題報告與問題討論，顯示需要人的判斷與詮釋；但這些要求未明確置於AI協作脈絡中，因此只能部分認定D。","A=3;B=0;C=4;D=2","主要符合C，其次是A，因為課程明確把AI工具納入資料分析操作與專題任務。","B所需的AI倫理、隱私、偏誤與責任內容未出現；D也未明寫人類主體性、溝通協作或對AI結果的批判檢核。"
"數位學習設計研究","2","大綱寫到分析數位學習環境中的AI應用、數位工具整合與倫理議題，顯示學生會接觸AI作為學習與研究對象；但未明確描述學生使用AI輔助自身學習、搜尋、摘要或自主學習歷程。","3","課綱明確指出要「分析數位學習環境中之AI應用、數位工具整合與倫理議題」，已直接涉及AI倫理與應用情境；雖未細列著作權、個資、偏誤等項目，但已超出僅提及AI趨勢的層次。","3","課程要求運用適切之研究方法設計並執行數位學習設計相關專題研究，且分析AI應用與工具整合，顯示有將AI納入問題分析與專題研究流程；但大綱未明寫學生必須實際用AI產生方案或進行驗證修正。","3","課程強調批判反思能力，並在AI應用與倫理議題脈絡下進行分析，顯示學生需保有人類判斷與反思；但大綱未明確寫出AI協作下的同理、溝通、決策責任或真實場域洞察，因此僅中度符合。","A=2;B=3;C=3;D=3","主要依據是課程同時涵蓋AI應用分析、倫理議題與專題研究，屬於AI結合研究設計的課程。","缺乏學生實際使用AI工具完成任務的明確描述，也未具體說明驗證、修正、人機分工或評量標準。"
"機器學習","3","課程內容包含大型語言模型運作原理、機器學習在教育上的應用，以及利用Python實作機器學習應用，學生會接觸AI相關技術與工具；但大綱主要是學習AI技術本身，未明確寫出把AI作為學習輔助工具來促進自主學習。","0","大綱未提及AI倫理、著作權、個資、偏誤、幻覺、風險管理、查證或責任等內容，因此不能給B分。","4","課程包含利用Python實作機器學習應用、YOLO影像辨識、生成式AI風格轉換、遷移式學習與文獻探討與實務應用，顯示學生會實際操作AI技術並應用於問題；但大綱未明確要求驗證結果、修正偏誤、品質控制或人機協作流程。","2","課程中有文獻探討與實務應用、文獻研讀與報告，顯示需要學生判讀與整理，但這些內容沒有明確放在AI協作、決策責任或人類主體性的框架下，因此僅能部分給分。","A=3;B=0;C=4;D=2","主要符合C，因課程明確含機器學習實作、影像辨識與生成式AI應用。","B的倫理、法規、風險與責任內容完全未提；A未明確出現AI作為學習工具的使用情境，D也缺少AI協作下的批判與決策要求。"
"跨領域創新科技應用","3","課程明列第3週「人工智慧在教育中的應用基礎」，且技能面向包含「運用創新科技解決教育問題」與「科技融入教學」；可判定學生會接觸以科技輔助學習與教學應用，但大綱未明確寫出使用AI作為自主學習、資訊整理或學習反思工具。","1","大綱僅出現「人工智慧在教育中的應用基礎」與「反思與批判能力」，但未明確提及AI倫理、著作權、個資、偏誤、風險管理、揭露或責任歸屬，因此只能算零星相關。","3","課程明確有「運用創新科技解決教育問題」、「設計與實施跨領域科技融入教學」、「評估科技應用成效與持續改進」以及期中提案、期末專案展示，顯示有實作與問題解決歷程；但未明寫AI在問題分析、驗證修正或人機分工中的角色。","3","課程強調「跨域合作」、「反思與批判能力」與「專案實作」，且AI出現在教育應用脈絡中，顯示有人類判斷與專題實作成分；但未明確指出如何在AI協作中維持人類主體性、同理或決策責任。","A=3;B=1;C=3;D=3","主要依據為大綱中明確出現AI於教育應用、科技融入教學、教育問題解決與專案實作等內容，因此A、C、D有中度以上關聯。","B缺少AI倫理、法規、個資、偏誤、風險與責任的明確教學；A也未具體寫出學生如何用AI輔助自身學習。"
"專題討論(一)","1","課程主要是資訊教育研究、文獻閱讀、研究觀點論說與個人研究計畫討論；僅在情意面向提到「增進對AI及資訊教育研究的興趣」，屬於背景性提及，未見學生實際使用AI作為學習工具的證據。","0","大綱未提及AI倫理、著作權、個資、隱私、偏誤、風險、查證、治理或責任等內容，因此不能推定有負責任使用AI的培養。","1","雖有「AI及資訊教育研究」與「個人研究計畫草案報告與討論」，但內容重點是研究討論與文獻能力，未明確要求學生運用AI分析、生成、建模或解決問題，因此僅能給低分。","1","大綱雖有報告與討論，但未在AI協作情境下明確要求批判AI、保持人類主體性、同理互動或真實場域洞察；僅有研究興趣層面的提及，不能推定D能力。","A=1;B=0;C=1;D=1","主要依據是課程內容以研究討論與文獻閱讀為主，AI僅零星出現在情意面向，沒有明確AI實作或倫理治理內容。","缺少AI工具使用、AI輔助學習活動、AI倫理/風險/責任，以及AI協作下的人類判斷與創意要求。"
"教育創新","2","大綱明確寫出「理解AI協作：能辨識並說明生成式AI的能力與限制」，表示學生會接觸生成式AI並理解其功能與限制；但未寫明會把AI作為學習工具來搜尋、整理、摘要或自主學習，因此僅屬初步相關。","1","僅提到「生成式AI的能力與限制」，未見著作權、個資、偏誤、使用揭露、風險管理或責任歸屬等內容，因此不足以判定有負責任使用AI的完整培養。","1","雖出現「理解AI協作」與「辨識並說明生成式AI的能力與限制」，但未明示學生要用AI完成專題、方案、作品或問題解決任務，因此只能給與AI問題解決的低度相關分數。","2","「理解AI協作」與辨識生成式AI能力限制，顯示課程有要求學生對AI保持判斷與界限意識；但未進一步要求在協作中進行批判驗證、決策負責或真實情境中的人本互動。","A=2;B=1;C=1;D=2","主要依據為大綱明示生成式AI協作與能力限制的理解，屬AI概念與初步協作認知。","缺少具體AI學習活動、責任倫理、問題解決任務與評量設計，無法支持更高分。"
"人工智慧","1","課程目標僅為「系統性地學習人工智慧的基本理論與應用技術」，重點在學習AI本身，而非把AI作為學習工具來輔助其他學習，因此對運用AI學習的證據不足。","0","大綱只提基本理論與應用技術，未提AI倫理、法規、個資、偏誤、風險、查證或責任，因此不能推定有負責任使用AI的培養。","3","課程明確聚焦AI基本理論與應用技術，表示學生會實際接觸AI知識與技術；但大綱未寫明專題、實作、驗證或人機協作流程，因此尚未達到更高層次。","0","大綱未提及人類判斷、同理、溝通、創意整合或AI協作下的主體性要求，因此不能判定D能力。","A=1;B=0;C=3;D=0","主要依據是課程明確教授AI理論與應用技術，屬AI技術學習課程。","缺少AI作為學習工具的使用、倫理法規與風險治理、以及具體問題解決或人機協作任務。"
"數位音樂創作:配樂、音效設計與AI","0","課程名稱雖含AI，但課程大綱僅為「0」，沒有任何可核對的教學內容、活動或學習要求，無法證明有AI輔助學習。","0","大綱未提及任何AI倫理、著作權、個資、偏誤、風險或責任內容，因此不能推定。","0","大綱完全沒有說明AI如何用於配樂、音效設計或創作任務，僅有課名含AI不足以證明有實際AI問題解決歷程。","0","大綱未提供AI協作、創意判斷或人類主體性相關證據，因此不能判分。","A=0;B=0;C=0;D=0","主要依據為課綱內容空白，無法從大綱證明任何AI相關培養。","缺少可驗證的大綱內容，無法判定AI應用、倫理或創作協作。"
"美學導論","1","課程文字提到「進入到人工智慧的美學(AI-aesthetics)」，表示有AI相關議題，但內容是美學理論脈絡，未見學生使用AI作為學習工具的安排。","0","大綱目前只談美學與AI美學的概念轉換，未提及AI倫理、著作權、個資、偏誤、風險、責任或治理，因此不能給B分。","1","僅有「人工智慧的美學(AI-aesthetics)」這類概念性敘述，尚未看到學生運用AI分析、生成或解決問題的具體任務，因此只能給低度相關分數。","1","課程涉及藝術欣賞與AI美學的連結，但未明確出現在AI協作情境下的人類判斷、同理、創意整合或真實世界實作要求，因此D僅能低分。","A=1;B=0;C=1;D=1","主要依據是課程以美學探討為主，僅概念性提及AI美學，AI元素不夠具體。","缺少AI實作、AI倫理與風險、以及在AI協作下的人本判斷與創作歷程。"
"行動與無所不在學習研究","3","大綱明確提到「行動學習平台在教學上的部署邏輯、內容管理與 AI 技術的結合方式」，以及「學習操作與應用行動教學工具(如 AR/VR、適應性學習系統、AI 導覽 App)」，可判定學生會在學習情境中接觸並應用 AI；但未明確寫出如何利用 AI 進行學習規劃、反思或自主學習歷程管理。","1","大綱雖提到 AI 技術的結合與 AI 導覽 App，但未明確涉及 AI 倫理、著作權、個資、隱私、偏誤、風險、查證或責任歸屬，因此只能算零星提及。","2","課程明確包含「AI 技術的結合方式」與「AI 導覽 App」，且要求「收集學習數據、分析行動裝置教學效能」，顯示有 AI 相關應用與分析活動；但大綱未明確說明使用 AI 來解決具體問題、驗證結果或進行完整人機協作流程。","1","大綱有科技融入教學與團隊合作脈絡，但未在 AI 協作情境中明確要求批判 AI、保有人類判斷、同理互動或真實情境洞察，因此不足以支持 D 的明確培養。","A=3;B=1;C=2;D=1","主要依據是大綱明寫 AI 技術結合、AI 導覽 App 與教學數據分析，足以支持 A 與部分 C；但沒有明確倫理、責任、驗證與人機協作反思。","B、D 所需的 AI 倫理法規、風險治理、查證、責任與人類主體性內容未明寫；A 也未見完整自主學習流程。"
"人工智慧","1","課名明確為「人工智慧」，但大綱只有「AI與生成式AI開發平台與應用」，僅能確認課程接觸 AI 與平台應用；未看到學生將 AI 作為學習工具、進行資訊整理、反思或自主學習的具體要求，因此只能給零星提及分數。","0","大綱未提及 AI 倫理、法規、著作權、個資、偏誤、風險、揭露或責任等內容，不能推定有負責任使用 AI 的培養。","2","大綱明示「AI與生成式AI開發平台與應用」，可判定課程確實涉及 AI 平台與應用，屬於 AI 相關基礎接觸；但僅此一行，未呈現問題解決、實作任務、驗證或人機分工，因此僅能給初步相關分數。","0","大綱未出現人類判斷、同理心、溝通協作、真實場域洞察或 AI 協作下的主體性要求，不能支持 D。","A=1;B=0;C=2;D=0","主要依據是課名與大綱皆明確出現 AI，但大綱內容極為簡略，只能確認有 AI 平台與應用的接觸。","A、B、D 都缺乏具體教學活動、學習任務或評量證據；C 也未見完整問題解決流程。"
"數據分析理論與深度學習專題研究","0","課程大綱僅有「3」，未提供任何 AI 工具、AI 模型、AI 應用或人機協作的文字證據，因此依嚴格 0 分原則判定為 0。","0","課名與大綱未出現 AI 倫理、法規、偏誤、風險、個資、揭露或責任等 AI 相關內容，因此不能計分。","0","課名雖提到「深度學習」，但大綱只有「3」且沒有任何課程內容可據以判定與 AI 問題解決流程有關，不能僅憑課名推定。","0","未見 AI 或人機協作情境中的人類判斷、同理、溝通、創意或真實場域洞察相關文字證據，因此不能計分。","A=0;B=0;C=0;D=0","主要依據是大綱內容完全不足，僅有數字「3」，無法證明任何 AI 能力培養。","課名雖含「深度學習」，但大綱未提供可核實的 AI 教學內容、活動或評量，不能據此推定。"
"教材研發與設計專題","3","大綱明列「使用AI工具協助設計不同情境需求之教材」，表示學生會在教材設計過程中實際使用 AI 工具；但未明確提及如何用 AI 搜尋、整理、反思學習或進行自主學習歷程管理，因此未達更高分。","1","雖然有教材設計與團隊協作，但大綱未提及 AI 倫理、著作權、個資、偏誤、風險、使用揭露或責任歸屬等負責任使用 AI 的內容，因此不能高估。","4","課程要求「使用AI工具協助設計不同情境需求之教材」，並且有「教科書單元設計」、「適性化教材規劃與設計」、「實作成果發表」與作業評量，屬於明確的 AI 輔助專題實作；但未寫明驗證 AI 產出、品質控制或人機分工的完整流程，因此未達 5 分。","3","大綱包含「與團隊成員協同發展」以及教材案例分析、實作與發表，顯示在 AI 協作情境中需要人類協調與專業判斷；但未明確要求檢核 AI 結果、同理不同學習需求或在真實場域中進行觀察與修正，因此屬中度符合。","A=3;B=1;C=4;D=3","主要依據是明確寫出使用 AI 工具設計教材，且有專題實作、發表與團隊協作。","B 所需的倫理、法規、偏誤、風險與揭露內容未見；A、D 也缺少明確的驗證、反思與人機分工機制。"
